{
	"description": "项目配置文件",
	"packOptions": {
		"ignore": []
	},
	"setting": {
		"urlCheck": false,
		"es6": true,
		"postcss": true,
		"preloadBackgroundData": false,
		"minified": true,
		"newFeature": true,
		"coverView": true,
		"autoAudits": false,
		"showShadowRootInWxmlPanel": true,
		"scopeDataCheck": false,
		"checkInvalidKey": true,
		"checkSiteMap": true,
		"uploadWithSourceMap": true,
		"babelSetting": {
			"ignore": [],
			"disablePlugins": [],
			"outputPath": ""
		},
		"useCompilerModule": true,
		"userConfirmedUseCompilerModuleSwitch": false,
		"useIsolateContext": true
	},
	"compileType": "miniprogram",
	"libVersion": "2.11.0",
	"appid": "wx181ee7e766553814",
	"projectname": "test",
	"cloudfunctionTemplateRoot": "",
	"watchOptions": {
		"ignore": []
	},
	"debugOptions": {
		"hidedInDevtools": []
	},
	"scripts": {},
	"simulatorType": "wechat",
	"simulatorPluginLibVersion": {},
	"condition": {
		"search": {
			"current": -1,
			"list": []
		},
		"conversation": {
			"current": -1,
			"list": []
		},
		"plugin": {
			"current": -1,
			"list": []
		},
		"game": {
			"list": []
		},
		"gamePlugin": {
			"current": -1,
			"list": []
		},
		"miniprogram": {
			"current": -1,
			"list": [
				{
					"id": -1,
					"name": "pages/question/question",
					"pathName": "pages/question/question",
					"query": "",
					"scene": null
				},
				{
					"id": -1,
					"name": "pages/share/share",
					"pathName": "pages/share/share",
					"query": "",
					"scene": null
				},
				{
					"id": -1,
					"name": "pages/creQuestionnaire/creQuestionnaire",
					"pathName": "pages/creQuestionnaire/creQuestionnaire",
					"query": "",
					"scene": null
				}
			]
		}
	}
}